{"layer1":{"weights":{"rows":8,"cols":5,"data":[[0.8172528,-0.5863907,-3.0528207,4.53154,-2.4147902],[3.4108925,1.1242092,4.81841,-0.001889566,2.4941373],[-6.6205125,-7.385402,2.489587,-2.6413937,6.4120245],[3.448985,2.313249,5.861339,-1.9750949,-6.8732505],[-8.731854,-6.0866914,0.19801629,-6.340927,5.7711835],[-6.075261,-5.6588964,3.370063,5.096712,3.9158094],[1.7388022,-4.9139557,-5.776676,7.2052927,8.443328],[6.8214836,-0.10906145,0.20708996,2.485489,1.642102]]},"gradients":{"rows":8,"cols":1,"data":[[0.0],[0.0],[0.0],[0.0],[0.0],[0.0],[0.0],[0.0]]},"bias":{"rows":8,"cols":1,"data":[[-0.41859242],[-2.913042],[-0.20593993],[4.7473235],[0.95358884],[2.2177958],[-7.7820888],[5.041006]]}},"layer2":{"weights":{"rows":2,"cols":8,"data":[[1.4694343,-0.05524683,4.5003424,0.9117044,1.8239106,-0.38039264,-2.062319,1.3863025],[-0.975627,-0.54728276,0.8991284,-0.84757113,0.5287472,-1.1414198,-1.9115837,0.75327945]]},"gradients":{"rows":2,"cols":1,"data":[[0.0],[0.0]]},"bias":{"rows":2,"cols":1,"data":[[2.0840557],[0.88797814]]}},"epochs":1.0,"fitness":0.0}